{"cameraMode":{"drawMode":0,"name":"Shaded","section":"Shading Mode"},"sceneLighting":false,"audioPlay":false,"sceneViewState":{"m_AlwaysRefresh":false,"showFog":true,"showSkybox":false,"showFlares":true,"showImageEffects":true,"showParticleSystems":true,"showVisualEffectGraphs":true,"m_FxEnabled":true},"in2DMode":false,"pivot":{"x":0.0793975293636322,"y":0.443440318107605,"z":1.1415438652038575},"rotation":{"x":-0.12268491089344025,"y":0.00893158745020628,"z":0.001104061957448721,"w":0.9924057722091675},"size":1.1990010738372803,"orthographic":false}