{"cameraMode":{"drawMode":0,"name":"Shaded","section":"Shading Mode"},"sceneLighting":true,"audioPlay":false,"sceneViewState":{"m_AlwaysRefresh":false,"showFog":true,"showSkybox":true,"showFlares":true,"showImageEffects":true,"showParticleSystems":true,"showVisualEffectGraphs":true,"m_FxEnabled":true},"in2DMode":false,"pivot":{"x":-0.19997522234916688,"y":0.11313837766647339,"z":0.37766170501708987},"rotation":{"x":0.07191444933414459,"y":0.025431007146835328,"z":-0.0018342731054872275,"w":0.9970853924751282},"size":1.9829012155532838,"orthographic":false}